userid,model_para
009d96a823b6f6c085c092fb177491f6,"
Name : GP regression
Objective : 350.95530745225994
Number of Parameters : 3
Number of Optimization Parameters : 3
Updates : True
Parameters:
  [1mGP_regression.         [0;0m  |                value  |  constraints  |  priors
  [1mrbf.variance           [0;0m  |  0.41970122956413486  |      +ve      |        
  [1mrbf.lengthscale        [0;0m  |    2.883517098417803  |      +ve      |        
  [1mGaussian_noise.variance[0;0m  |   1.7507085943321155  |      +ve      |        "
011679a3ae49998801ada93d822b7302,"
Name : GP regression
Objective : 285.73273192511704
Number of Parameters : 3
Number of Optimization Parameters : 3
Updates : True
Parameters:
  [1mGP_regression.         [0;0m  |               value  |  constraints  |  priors
  [1mrbf.variance           [0;0m  |  0.8686865663887768  |      +ve      |        
  [1mrbf.lengthscale        [0;0m  |   3.128331571932578  |      +ve      |        
  [1mGaussian_noise.variance[0;0m  |  1.2409449289547556  |      +ve      |        "
01530624766b3be63c7709c6581c335d,"
Name : GP regression
Objective : 531.0266723232103
Number of Parameters : 3
Number of Optimization Parameters : 3
Updates : True
Parameters:
  [1mGP_regression.         [0;0m  |                value  |  constraints  |  priors
  [1mrbf.variance           [0;0m  |  0.48983242528836507  |      +ve      |        
  [1mrbf.lengthscale        [0;0m  |  0.08112499996779386  |      +ve      |        
  [1mGaussian_noise.variance[0;0m  |    1.532444311602519  |      +ve      |        "
01cb2ebb310b2d88bcf8a4f5faf6ab60,"
Name : GP regression
Objective : 108.5373168584977
Number of Parameters : 3
Number of Optimization Parameters : 3
Updates : True
Parameters:
  [1mGP_regression.         [0;0m  |               value  |  constraints  |  priors
  [1mrbf.variance           [0;0m  |  0.3643234579047166  |      +ve      |        
  [1mrbf.lengthscale        [0;0m  |   3.968020929618392  |      +ve      |        
  [1mGaussian_noise.variance[0;0m  |  1.5821777565701574  |      +ve      |        "
02e23ec1c20e1c1ff45201c9a64f0756,"
Name : GP regression
Objective : 196.07234810796047
Number of Parameters : 3
Number of Optimization Parameters : 3
Updates : True
Parameters:
  [1mGP_regression.         [0;0m  |               value  |  constraints  |  priors
  [1mrbf.variance           [0;0m  |  0.6054175574543711  |      +ve      |        
  [1mrbf.lengthscale        [0;0m  |  15.122833269743495  |      +ve      |        
  [1mGaussian_noise.variance[0;0m  |  1.4720203550169695  |      +ve      |        "
03b6072a243347cf634eee1018be408d,"
Name : GP regression
Objective : 238.16485925864697
Number of Parameters : 3
Number of Optimization Parameters : 3
Updates : True
Parameters:
  [1mGP_regression.         [0;0m  |                value  |  constraints  |  priors
  [1mrbf.variance           [0;0m  |  0.19137669571061672  |      +ve      |        
  [1mrbf.lengthscale        [0;0m  |  0.10641452031601605  |      +ve      |        
  [1mGaussian_noise.variance[0;0m  |   2.0932819702698815  |      +ve      |        "
04a3601e8b319f740167723a58c488e7,"
Name : GP regression
Objective : 454.5218702901701
Number of Parameters : 3
Number of Optimization Parameters : 3
Updates : True
Parameters:
  [1mGP_regression.         [0;0m  |               value  |  constraints  |  priors
  [1mrbf.variance           [0;0m  |  0.5537316081585713  |      +ve      |        
  [1mrbf.lengthscale        [0;0m  |  0.9286881704442853  |      +ve      |        
  [1mGaussian_noise.variance[0;0m  |  1.4889263505420822  |      +ve      |        "
04be1d6fa64adb60a3d2847f4f905ec1,"
Name : GP regression
Objective : 700.2228513567148
Number of Parameters : 3
Number of Optimization Parameters : 3
Updates : True
Parameters:
  [1mGP_regression.         [0;0m  |               value  |  constraints  |  priors
  [1mrbf.variance           [0;0m  |  0.2448345845307518  |      +ve      |        
  [1mrbf.lengthscale        [0;0m  |  0.3678833979753876  |      +ve      |        
  [1mGaussian_noise.variance[0;0m  |  1.8825253346800082  |      +ve      |        "
054e5fd22c26a92926a61c261c99054c,"
Name : GP regression
Objective : 483.76543181195336
Number of Parameters : 3
Number of Optimization Parameters : 3
Updates : True
Parameters:
  [1mGP_regression.         [0;0m  |               value  |  constraints  |  priors
  [1mrbf.variance           [0;0m  |  0.1929670154541759  |      +ve      |        
  [1mrbf.lengthscale        [0;0m  |  3.3595768571181157  |      +ve      |        
  [1mGaussian_noise.variance[0;0m  |  1.7379770690608414  |      +ve      |        "
055638f0a33b2df4031fadb86076861f,"
Name : GP regression
Objective : 309.6123445561887
Number of Parameters : 3
Number of Optimization Parameters : 3
Updates : True
Parameters:
  [1mGP_regression.         [0;0m  |                   value  |  constraints  |  priors
  [1mrbf.variance           [0;0m  |      1.4385726049747423  |      +ve      |        
  [1mrbf.lengthscale        [0;0m  |  2.2414823768940438e-06  |      +ve      |        
  [1mGaussian_noise.variance[0;0m  |      0.5844159386429191  |      +ve      |        "
059c18ea701ce88479c9e10a25cb8284,"
Name : GP regression
Objective : 418.5086100803828
Number of Parameters : 3
Number of Optimization Parameters : 3
Updates : True
Parameters:
  [1mGP_regression.         [0;0m  |              value  |  constraints  |  priors
  [1mrbf.variance           [0;0m  |   0.31092707657607  |      +ve      |        
  [1mrbf.lengthscale        [0;0m  |  10.09284909466591  |      +ve      |        
  [1mGaussian_noise.variance[0;0m  |  2.214810967940153  |      +ve      |        "
06165dddbf8856657d57d27600c4944c,"
Name : GP regression
Objective : 40.4875139406884
Number of Parameters : 3
Number of Optimization Parameters : 3
Updates : True
Parameters:
  [1mGP_regression.         [0;0m  |                value  |  constraints  |  priors
  [1mrbf.variance           [0;0m  |    1.653571534468265  |      +ve      |        
  [1mrbf.lengthscale        [0;0m  |   0.9745152391964254  |      +ve      |        
  [1mGaussian_noise.variance[0;0m  |  0.47273375435655846  |      +ve      |        "
0724fe854bd455061ba84efecdeff469,"
Name : GP regression
Objective : 407.07486995880123
Number of Parameters : 3
Number of Optimization Parameters : 3
Updates : True
Parameters:
  [1mGP_regression.         [0;0m  |               value  |  constraints  |  priors
  [1mrbf.variance           [0;0m  |  0.3559601237052964  |      +ve      |        
  [1mrbf.lengthscale        [0;0m  |  0.6775724403386366  |      +ve      |        
  [1mGaussian_noise.variance[0;0m  |  1.4992517087220105  |      +ve      |        "
0765c56b2da0e50568488dbbbe93751b,"
Name : GP regression
Objective : 267.5668151558088
Number of Parameters : 3
Number of Optimization Parameters : 3
Updates : True
Parameters:
  [1mGP_regression.         [0;0m  |                value  |  constraints  |  priors
  [1mrbf.variance           [0;0m  |   0.7024382670703416  |      +ve      |        
  [1mrbf.lengthscale        [0;0m  |  0.07188299886541474  |      +ve      |        
  [1mGaussian_noise.variance[0;0m  |   1.2825539990882069  |      +ve      |        "
07da88e13509940f3116716552d6a32c,"
Name : GP regression
Objective : 216.36032303218414
Number of Parameters : 3
Number of Optimization Parameters : 3
Updates : True
Parameters:
  [1mGP_regression.         [0;0m  |                value  |  constraints  |  priors
  [1mrbf.variance           [0;0m  |    0.786100224295289  |      +ve      |        
  [1mrbf.lengthscale        [0;0m  |  0.11304101060570679  |      +ve      |        
  [1mGaussian_noise.variance[0;0m  |     1.04922957932742  |      +ve      |        "
08074f06d6882e73b4db242b38be237a,"
Name : GP regression
Objective : 198.05115369580017
Number of Parameters : 3
Number of Optimization Parameters : 3
Updates : True
Parameters:
  [1mGP_regression.         [0;0m  |                value  |  constraints  |  priors
  [1mrbf.variance           [0;0m  |   1.4569126724757215  |      +ve      |        
  [1mrbf.lengthscale        [0;0m  |  0.14429444527225876  |      +ve      |        
  [1mGaussian_noise.variance[0;0m  |   0.5162732188039967  |      +ve      |        "
088bf0ed841bcc366475b3975eb1b9d2,"
Name : GP regression
Objective : 686.6567483394641
Number of Parameters : 3
Number of Optimization Parameters : 3
Updates : True
Parameters:
  [1mGP_regression.         [0;0m  |                value  |  constraints  |  priors
  [1mrbf.variance           [0;0m  |    0.639206933189374  |      +ve      |        
  [1mrbf.lengthscale        [0;0m  |  0.15824498941665086  |      +ve      |        
  [1mGaussian_noise.variance[0;0m  |   1.4050881027270063  |      +ve      |        "
094dd7aca278568d73ee4e634cbfde3f,"
Name : GP regression
Objective : 146.41123642860538
Number of Parameters : 3
Number of Optimization Parameters : 3
Updates : True
Parameters:
  [1mGP_regression.         [0;0m  |               value  |  constraints  |  priors
  [1mrbf.variance           [0;0m  |  0.2729631026505205  |      +ve      |        
  [1mrbf.lengthscale        [0;0m  |  16.930016328505356  |      +ve      |        
  [1mGaussian_noise.variance[0;0m  |   1.739981675055529  |      +ve      |        "
0ab7efcd582b43d58c1fec65058efa72,"
Name : GP regression
Objective : 680.5653145900276
Number of Parameters : 3
Number of Optimization Parameters : 3
Updates : True
Parameters:
  [1mGP_regression.         [0;0m  |                  value  |  constraints  |  priors
  [1mrbf.variance           [0;0m  |   0.013664549095972145  |      +ve      |        
  [1mrbf.lengthscale        [0;0m  |  0.0022187607915290708  |      +ve      |        
  [1mGaussian_noise.variance[0;0m  |      2.172542869022007  |      +ve      |        "
0b12516100c16f779b152858619786ff,"
Name : GP regression
Objective : 595.9995729218211
Number of Parameters : 3
Number of Optimization Parameters : 3
Updates : True
Parameters:
  [1mGP_regression.         [0;0m  |                value  |  constraints  |  priors
  [1mrbf.variance           [0;0m  |  0.14872918425083803  |      +ve      |        
  [1mrbf.lengthscale        [0;0m  |   0.3505743873451883  |      +ve      |        
  [1mGaussian_noise.variance[0;0m  |   1.7630847186557035  |      +ve      |        "
0c5d06511ef79fba34da417e8c751fff,"
Name : GP regression
Objective : 631.2540006700092
Number of Parameters : 3
Number of Optimization Parameters : 3
Updates : True
Parameters:
  [1mGP_regression.         [0;0m  |               value  |  constraints  |  priors
  [1mrbf.variance           [0;0m  |  0.7930900710320585  |      +ve      |        
  [1mrbf.lengthscale        [0;0m  |  0.1271643442719818  |      +ve      |        
  [1mGaussian_noise.variance[0;0m  |   1.335405306412719  |      +ve      |        "
0d4a51e22f36151b2e435ce3fd4eb6f9,"
Name : GP regression
Objective : 118.26210996487161
Number of Parameters : 3
Number of Optimization Parameters : 3
Updates : True
Parameters:
  [1mGP_regression.         [0;0m  |               value  |  constraints  |  priors
  [1mrbf.variance           [0;0m  |  0.6733303260067501  |      +ve      |        
  [1mrbf.lengthscale        [0;0m  |   5.990861106218416  |      +ve      |        
  [1mGaussian_noise.variance[0;0m  |   2.354328291557364  |      +ve      |        "
0db30ddf6bde2bf4a88c377f0cd6047a,"
Name : GP regression
Objective : 607.8001262530473
Number of Parameters : 3
Number of Optimization Parameters : 3
Updates : True
Parameters:
  [1mGP_regression.         [0;0m  |               value  |  constraints  |  priors
  [1mrbf.variance           [0;0m  |  1.1862372725685317  |      +ve      |        
  [1mrbf.lengthscale        [0;0m  |  1.0251923187423624  |      +ve      |        
  [1mGaussian_noise.variance[0;0m  |  1.1655660755656134  |      +ve      |        "
0e1b88bcb9f1595af5857e03d719fca4,"
Name : GP regression
Objective : 45.248365247677924
Number of Parameters : 3
Number of Optimization Parameters : 3
Updates : True
Parameters:
  [1mGP_regression.         [0;0m  |                value  |  constraints  |  priors
  [1mrbf.variance           [0;0m  |  0.14535724063429217  |      +ve      |        
  [1mrbf.lengthscale        [0;0m  |   0.2080835640366335  |      +ve      |        
  [1mGaussian_noise.variance[0;0m  |     2.39629589281195  |      +ve      |        "
0e31b639fba710ce4d6f664fbde94449,"
Name : GP regression
Objective : 257.81089333543264
Number of Parameters : 3
Number of Optimization Parameters : 3
Updates : True
Parameters:
  [1mGP_regression.         [0;0m  |                value  |  constraints  |  priors
  [1mrbf.variance           [0;0m  |  0.10988816274064041  |      +ve      |        
  [1mrbf.lengthscale        [0;0m  |    1.468987059994763  |      +ve      |        
  [1mGaussian_noise.variance[0;0m  |    2.218761399192454  |      +ve      |        "
0e3fdb89c7706b13891170ab2a9017c7,"
Name : GP regression
Objective : 480.0686197424209
Number of Parameters : 3
Number of Optimization Parameters : 3
Updates : True
Parameters:
  [1mGP_regression.         [0;0m  |                value  |  constraints  |  priors
  [1mrbf.variance           [0;0m  |  0.36155265259102337  |      +ve      |        
  [1mrbf.lengthscale        [0;0m  |  0.31078126257573513  |      +ve      |        
  [1mGaussian_noise.variance[0;0m  |   1.7165964739177362  |      +ve      |        "
0e8f270a9b126c3839044391deb1d4e2,"
Name : GP regression
Objective : 1328.8326993345565
Number of Parameters : 3
Number of Optimization Parameters : 3
Updates : True
Parameters:
  [1mGP_regression.         [0;0m  |                value  |  constraints  |  priors
  [1mrbf.variance           [0;0m  |  0.05425021311058514  |      +ve      |        
  [1mrbf.lengthscale        [0;0m  |    873395.8640061026  |      +ve      |        
  [1mGaussian_noise.variance[0;0m  |   2.1577063947482955  |      +ve      |        "
0fa20f622770259c44e0214336285a98,"
Name : GP regression
Objective : 142.78471232654798
Number of Parameters : 3
Number of Optimization Parameters : 3
Updates : True
Parameters:
  [1mGP_regression.         [0;0m  |               value  |  constraints  |  priors
  [1mrbf.variance           [0;0m  |  0.9822026475382827  |      +ve      |        
  [1mrbf.lengthscale        [0;0m  |  0.8165610062328434  |      +ve      |        
  [1mGaussian_noise.variance[0;0m  |  0.7587657229616245  |      +ve      |        "
10770bffe400bd20e4a690242c624e9d,"
Name : GP regression
Objective : 324.5572128462443
Number of Parameters : 3
Number of Optimization Parameters : 3
Updates : True
Parameters:
  [1mGP_regression.         [0;0m  |                value  |  constraints  |  priors
  [1mrbf.variance           [0;0m  |   1.2617279594224278  |      +ve      |        
  [1mrbf.lengthscale        [0;0m  |   0.5407587300900993  |      +ve      |        
  [1mGaussian_noise.variance[0;0m  |  0.47242102195671976  |      +ve      |        "
10f7981547a33d36f72a77b261ca9807,"
Name : GP regression
Objective : 107.27826727745625
Number of Parameters : 3
Number of Optimization Parameters : 3
Updates : True
Parameters:
  [1mGP_regression.         [0;0m  |               value  |  constraints  |  priors
  [1mrbf.variance           [0;0m  |   1.132874222359828  |      +ve      |        
  [1mrbf.lengthscale        [0;0m  |   8.483054326243975  |      +ve      |        
  [1mGaussian_noise.variance[0;0m  |  1.0043395773295818  |      +ve      |        "
1121bfb9e6876425059f940288c146bf,"
Name : GP regression
Objective : 436.6420831876426
Number of Parameters : 3
Number of Optimization Parameters : 3
Updates : True
Parameters:
  [1mGP_regression.         [0;0m  |                   value  |  constraints  |  priors
  [1mrbf.variance           [0;0m  |  0.00011362150508168984  |      +ve      |        
  [1mrbf.lengthscale        [0;0m  |    0.003120178416642397  |      +ve      |        
  [1mGaussian_noise.variance[0;0m  |      2.0982490375679816  |      +ve      |        "
119aad69d66906e2b748bacd5e2e79ae,"
Name : GP regression
Objective : 55.988408778475375
Number of Parameters : 3
Number of Optimization Parameters : 3
Updates : True
Parameters:
  [1mGP_regression.         [0;0m  |                value  |  constraints  |  priors
  [1mrbf.variance           [0;0m  |   0.5289031633818787  |      +ve      |        
  [1mrbf.lengthscale        [0;0m  |  0.05897098097523082  |      +ve      |        
  [1mGaussian_noise.variance[0;0m  |   1.4085967557804744  |      +ve      |        "
11c57703829165e6f2ec4f6bc73e07ba,"
Name : GP regression
Objective : 59.037686120403244
Number of Parameters : 3
Number of Optimization Parameters : 3
Updates : True
Parameters:
  [1mGP_regression.         [0;0m  |                   value  |  constraints  |  priors
  [1mrbf.variance           [0;0m  |      1.5366012215692668  |      +ve      |        
  [1mrbf.lengthscale        [0;0m  |    2.53070764482826e-24  |      +ve      |        
  [1mGaussian_noise.variance[0;0m  |  1.9490432824064307e-20  |      +ve      |        "
12170edda5667c961a48d9715f391de2,"
Name : GP regression
Objective : 226.67204506178152
Number of Parameters : 3
Number of Optimization Parameters : 3
Updates : True
Parameters:
  [1mGP_regression.         [0;0m  |                value  |  constraints  |  priors
  [1mrbf.variance           [0;0m  |   0.3626876221413473  |      +ve      |        
  [1mrbf.lengthscale        [0;0m  |  0.13434718242876884  |      +ve      |        
  [1mGaussian_noise.variance[0;0m  |    1.716095541791466  |      +ve      |        "
12f02d52562fc96a32916a2f49cc1bb3,"
Name : GP regression
Objective : 144.3439952090279
Number of Parameters : 3
Number of Optimization Parameters : 3
Updates : True
Parameters:
  [1mGP_regression.         [0;0m  |                  value  |  constraints  |  priors
  [1mrbf.variance           [0;0m  |     2.4024391382285617  |      +ve      |        
  [1mrbf.lengthscale        [0;0m  |  9.21658926731793e-129  |      +ve      |        
  [1mGaussian_noise.variance[0;0m  |  1.781600387400096e-18  |      +ve      |        "
1436ccb459cf7166b8e6926e9d2b6950,"
Name : GP regression
Objective : 292.0429812606101
Number of Parameters : 3
Number of Optimization Parameters : 3
Updates : True
Parameters:
  [1mGP_regression.         [0;0m  |                value  |  constraints  |  priors
  [1mrbf.variance           [0;0m  |   1.5755442035972291  |      +ve      |        
  [1mrbf.lengthscale        [0;0m  |  0.17274615110435998  |      +ve      |        
  [1mGaussian_noise.variance[0;0m  |  0.21278619260111892  |      +ve      |        "
14f57af466dd9a6765721dda24d60214,"
Name : GP regression
Objective : 74.50573690497926
Number of Parameters : 3
Number of Optimization Parameters : 3
Updates : True
Parameters:
  [1mGP_regression.         [0;0m  |                value  |  constraints  |  priors
  [1mrbf.variance           [0;0m  |     0.86187164347831  |      +ve      |        
  [1mrbf.lengthscale        [0;0m  |   0.1792027932038467  |      +ve      |        
  [1mGaussian_noise.variance[0;0m  |  0.24109624847981095  |      +ve      |        "
15075396da708df0842101d8613d7867,"
Name : GP regression
Objective : 347.3304584229362
Number of Parameters : 3
Number of Optimization Parameters : 3
Updates : True
Parameters:
  [1mGP_regression.         [0;0m  |                   value  |  constraints  |  priors
  [1mrbf.variance           [0;0m  |  1.4730734575285213e-06  |      +ve      |        
  [1mrbf.lengthscale        [0;0m  |       6.827355828040796  |      +ve      |        
  [1mGaussian_noise.variance[0;0m  |       2.356403566805923  |      +ve      |        "
157b749adf2608d8da539c9191f9c360,"
Name : GP regression
Objective : 124.00495131415154
Number of Parameters : 3
Number of Optimization Parameters : 3
Updates : True
Parameters:
  [1mGP_regression.         [0;0m  |                  value  |  constraints  |  priors
  [1mrbf.variance           [0;0m  |     1.6059668529715037  |      +ve      |        
  [1mrbf.lengthscale        [0;0m  |    0.15544926256682598  |      +ve      |        
  [1mGaussian_noise.variance[0;0m  |  5.474449082964954e-06  |      +ve      |        "
15991e219eacbcb22f1c9926b4fa6f4f,"
Name : GP regression
Objective : 473.0000375770578
Number of Parameters : 3
Number of Optimization Parameters : 3
Updates : True
Parameters:
  [1mGP_regression.         [0;0m  |                value  |  constraints  |  priors
  [1mrbf.variance           [0;0m  |  0.21857356531573763  |      +ve      |        
  [1mrbf.lengthscale        [0;0m  |   1.5817395943988732  |      +ve      |        
  [1mGaussian_noise.variance[0;0m  |   1.5226887848686586  |      +ve      |        "
1733e0f9f8d1b4fe4d4d7cf406d0a4d0,"
Name : GP regression
Objective : 248.97361644234704
Number of Parameters : 3
Number of Optimization Parameters : 3
Updates : True
Parameters:
  [1mGP_regression.         [0;0m  |                value  |  constraints  |  priors
  [1mrbf.variance           [0;0m  |   2.0554278328491074  |      +ve      |        
  [1mrbf.lengthscale        [0;0m  |   0.6289842341970474  |      +ve      |        
  [1mGaussian_noise.variance[0;0m  |  3.5836222923101e-06  |      +ve      |        "
174dd5a97fcf12217ff46f4e593e669a,"
Name : GP regression
Objective : 255.47533427332388
Number of Parameters : 3
Number of Optimization Parameters : 3
Updates : True
Parameters:
  [1mGP_regression.         [0;0m  |                value  |  constraints  |  priors
  [1mrbf.variance           [0;0m  |   0.8209197897978571  |      +ve      |        
  [1mrbf.lengthscale        [0;0m  |  0.18730098174128806  |      +ve      |        
  [1mGaussian_noise.variance[0;0m  |   0.9887158296856235  |      +ve      |        "
1789589a6d2bba0f09d768f8f3445be5,"
Name : GP regression
Objective : 569.6226704192173
Number of Parameters : 3
Number of Optimization Parameters : 3
Updates : True
Parameters:
  [1mGP_regression.         [0;0m  |                value  |  constraints  |  priors
  [1mrbf.variance           [0;0m  |  0.22060750997321443  |      +ve      |        
  [1mrbf.lengthscale        [0;0m  |   1297661.8846083588  |      +ve      |        
  [1mGaussian_noise.variance[0;0m  |     2.23101003334961  |      +ve      |        "
1827f641b3ba066d3b4bf4f920ee8ed1,"
Name : GP regression
Objective : 482.38847801548746
Number of Parameters : 3
Number of Optimization Parameters : 3
Updates : True
Parameters:
  [1mGP_regression.         [0;0m  |               value  |  constraints  |  priors
  [1mrbf.variance           [0;0m  |  0.9958353125946497  |      +ve      |        
  [1mrbf.lengthscale        [0;0m  |  0.6309423410299363  |      +ve      |        
  [1mGaussian_noise.variance[0;0m  |  1.1379902945734333  |      +ve      |        "
18777be6f07a938f5e4525eeb77dfdb2,"
Name : GP regression
Objective : 82.39956874412806
Number of Parameters : 3
Number of Optimization Parameters : 3
Updates : True
Parameters:
  [1mGP_regression.         [0;0m  |                value  |  constraints  |  priors
  [1mrbf.variance           [0;0m  |  0.12901401827573014  |      +ve      |        
  [1mrbf.lengthscale        [0;0m  |    4.578592605105125  |      +ve      |        
  [1mGaussian_noise.variance[0;0m  |    1.978048669790604  |      +ve      |        "
18c9b1bf258e266665b43e49cdae4dc5,"
Name : GP regression
Objective : 540.1456311858719
Number of Parameters : 3
Number of Optimization Parameters : 3
Updates : True
Parameters:
  [1mGP_regression.         [0;0m  |               value  |  constraints  |  priors
  [1mrbf.variance           [0;0m  |  1.4266447877440538  |      +ve      |        
  [1mrbf.lengthscale        [0;0m  |  0.1894695267770367  |      +ve      |        
  [1mGaussian_noise.variance[0;0m  |  0.8934662612548709  |      +ve      |        "
193165601dfad67e79ef52b2caf9fd9e,"
Name : GP regression
Objective : 422.90031244916656
Number of Parameters : 3
Number of Optimization Parameters : 3
Updates : True
Parameters:
  [1mGP_regression.         [0;0m  |                value  |  constraints  |  priors
  [1mrbf.variance           [0;0m  |  0.15764272290663023  |      +ve      |        
  [1mrbf.lengthscale        [0;0m  |   0.2557189077784407  |      +ve      |        
  [1mGaussian_noise.variance[0;0m  |    2.023506410265369  |      +ve      |        "
19c678f83c23c15ffbdc9b777e69e72a,"
Name : GP regression
Objective : 30.79582382470261
Number of Parameters : 3
Number of Optimization Parameters : 3
Updates : True
Parameters:
  [1mGP_regression.         [0;0m  |                value  |  constraints  |  priors
  [1mrbf.variance           [0;0m  |     2.59839385310557  |      +ve      |        
  [1mrbf.lengthscale        [0;0m  |   0.4953746092674194  |      +ve      |        
  [1mGaussian_noise.variance[0;0m  |  0.15160606435010998  |      +ve      |        "
19f41b6facd7a78c3ceef4fec559cda7,"
Name : GP regression
Objective : 169.83505865587117
Number of Parameters : 3
Number of Optimization Parameters : 3
Updates : True
Parameters:
  [1mGP_regression.         [0;0m  |                value  |  constraints  |  priors
  [1mrbf.variance           [0;0m  |    1.353639407577894  |      +ve      |        
  [1mrbf.lengthscale        [0;0m  |  0.21955935165551688  |      +ve      |        
  [1mGaussian_noise.variance[0;0m  |    0.580750931498765  |      +ve      |        "
1a32585eabfae9612f70513dedbf9e27,"
Name : GP regression
Objective : 200.32156411432314
Number of Parameters : 3
Number of Optimization Parameters : 3
Updates : True
Parameters:
  [1mGP_regression.         [0;0m  |                 value  |  constraints  |  priors
  [1mrbf.variance           [0;0m  |    1.2832982655495637  |      +ve      |        
  [1mrbf.lengthscale        [0;0m  |  0.028512570726280658  |      +ve      |        
  [1mGaussian_noise.variance[0;0m  |   0.33262866949183445  |      +ve      |        "
1ab4754657079071f9831fe42b3eac49,"
Name : GP regression
Objective : 494.33487165430836
Number of Parameters : 3
Number of Optimization Parameters : 3
Updates : True
Parameters:
  [1mGP_regression.         [0;0m  |                  value  |  constraints  |  priors
  [1mrbf.variance           [0;0m  |      2.142221291975688  |      +ve      |        
  [1mrbf.lengthscale        [0;0m  |     0.3083240581592268  |      +ve      |        
  [1mGaussian_noise.variance[0;0m  |  5.883144613160633e-09  |      +ve      |        "
1b92f9f45ecf187571242e6183aed8b1,"
Name : GP regression
Objective : 565.3896645253346
Number of Parameters : 3
Number of Optimization Parameters : 3
Updates : True
Parameters:
  [1mGP_regression.         [0;0m  |                 value  |  constraints  |  priors
  [1mrbf.variance           [0;0m  |    0.5773932972663937  |      +ve      |        
  [1mrbf.lengthscale        [0;0m  |  0.006104459474700829  |      +ve      |        
  [1mGaussian_noise.variance[0;0m  |    1.6181498462797403  |      +ve      |        "
1c1a61d11a10f9fa967f250095792db3,"
Name : GP regression
Objective : 389.50334016651027
Number of Parameters : 3
Number of Optimization Parameters : 3
Updates : True
Parameters:
  [1mGP_regression.         [0;0m  |                value  |  constraints  |  priors
  [1mrbf.variance           [0;0m  |  0.14506554949221212  |      +ve      |        
  [1mrbf.lengthscale        [0;0m  |    230.0193745532778  |      +ve      |        
  [1mGaussian_noise.variance[0;0m  |   1.9986719509018134  |      +ve      |        "
1c35ecaa9e3a3d076bacf420d1cfdeb5,"
Name : GP regression
Objective : 91.65773386219212
Number of Parameters : 3
Number of Optimization Parameters : 3
Updates : True
Parameters:
  [1mGP_regression.         [0;0m  |               value  |  constraints  |  priors
  [1mrbf.variance           [0;0m  |  1.0089283257954094  |      +ve      |        
  [1mrbf.lengthscale        [0;0m  |   19.02236852651285  |      +ve      |        
  [1mGaussian_noise.variance[0;0m  |  1.2650763202778168  |      +ve      |        "
1cb660f5a6e4a59e1384d9f55b957138,"
Name : GP regression
Objective : 202.93361269131367
Number of Parameters : 3
Number of Optimization Parameters : 3
Updates : True
Parameters:
  [1mGP_regression.         [0;0m  |                  value  |  constraints  |  priors
  [1mrbf.variance           [0;0m  |     2.0476698397255326  |      +ve      |        
  [1mrbf.lengthscale        [0;0m  |    0.07761482980815389  |      +ve      |        
  [1mGaussian_noise.variance[0;0m  |  5.062234519679872e-07  |      +ve      |        "
1cff420d9e6c5f13f72e635ef75639a2,"
Name : GP regression
Objective : 246.18777962716743
Number of Parameters : 3
Number of Optimization Parameters : 3
Updates : True
Parameters:
  [1mGP_regression.         [0;0m  |               value  |  constraints  |  priors
  [1mrbf.variance           [0;0m  |  1.6009729992791595  |      +ve      |        
  [1mrbf.lengthscale        [0;0m  |  1.8054108873196049  |      +ve      |        
  [1mGaussian_noise.variance[0;0m  |  0.7079701514266862  |      +ve      |        "
1d47deef1044f23adae24374bab52539,"
Name : GP regression
Objective : 514.3360427921223
Number of Parameters : 3
Number of Optimization Parameters : 3
Updates : True
Parameters:
  [1mGP_regression.         [0;0m  |                value  |  constraints  |  priors
  [1mrbf.variance           [0;0m  |   1.1076896643501817  |      +ve      |        
  [1mrbf.lengthscale        [0;0m  |  0.12383026827791563  |      +ve      |        
  [1mGaussian_noise.variance[0;0m  |   0.9580282407468965  |      +ve      |        "
1d7e6f01223cf9c1bfebbe89cfff7321,"
Name : GP regression
Objective : 269.34095598080074
Number of Parameters : 3
Number of Optimization Parameters : 3
Updates : True
Parameters:
  [1mGP_regression.         [0;0m  |               value  |  constraints  |  priors
  [1mrbf.variance           [0;0m  |  1.2486359967882061  |      +ve      |        
  [1mrbf.lengthscale        [0;0m  |    1.56483047760892  |      +ve      |        
  [1mGaussian_noise.variance[0;0m  |  0.8344802071753554  |      +ve      |        "
1e84bfe1c9bbd549913aad1bc57c8878,"
Name : GP regression
Objective : 399.7266611169964
Number of Parameters : 3
Number of Optimization Parameters : 3
Updates : True
Parameters:
  [1mGP_regression.         [0;0m  |               value  |  constraints  |  priors
  [1mrbf.variance           [0;0m  |  0.7741478461466832  |      +ve      |        
  [1mrbf.lengthscale        [0;0m  |  1.0970050623875656  |      +ve      |        
  [1mGaussian_noise.variance[0;0m  |  1.2410133924874676  |      +ve      |        "
2080fe3a58a912159aa859a26fa1834d,"
Name : GP regression
Objective : 440.16488087209086
Number of Parameters : 3
Number of Optimization Parameters : 3
Updates : True
Parameters:
  [1mGP_regression.         [0;0m  |                 value  |  constraints  |  priors
  [1mrbf.variance           [0;0m  |    1.6995235375200055  |      +ve      |        
  [1mrbf.lengthscale        [0;0m  |  0.014738741301313456  |      +ve      |        
  [1mGaussian_noise.variance[0;0m  |    0.5346061052088941  |      +ve      |        "
216924ec52555944d3d64c52390b359f,"
Name : GP regression
Objective : 1200.6919474909516
Number of Parameters : 3
Number of Optimization Parameters : 3
Updates : True
Parameters:
  [1mGP_regression.         [0;0m  |                 value  |  constraints  |  priors
  [1mrbf.variance           [0;0m  |    1.0954468390793846  |      +ve      |        
  [1mrbf.lengthscale        [0;0m  |  0.039058785138956144  |      +ve      |        
  [1mGaussian_noise.variance[0;0m  |     1.134914897046768  |      +ve      |        "
223dbfbc2451d4ffaf244cc1e6c3abbb,"
Name : GP regression
Objective : 875.6994461289337
Number of Parameters : 3
Number of Optimization Parameters : 3
Updates : True
Parameters:
  [1mGP_regression.         [0;0m  |                value  |  constraints  |  priors
  [1mrbf.variance           [0;0m  |   0.2538275881312524  |      +ve      |        
  [1mrbf.lengthscale        [0;0m  |  0.06437748621662899  |      +ve      |        
  [1mGaussian_noise.variance[0;0m  |   1.7223210691703117  |      +ve      |        "
22f7d91d7d57d67a3ef249927250bad9,"
Name : GP regression
Objective : 384.3470539143442
Number of Parameters : 3
Number of Optimization Parameters : 3
Updates : True
Parameters:
  [1mGP_regression.         [0;0m  |                value  |  constraints  |  priors
  [1mrbf.variance           [0;0m  |   1.3639318411911812  |      +ve      |        
  [1mrbf.lengthscale        [0;0m  |  0.18997884986714544  |      +ve      |        
  [1mGaussian_noise.variance[0;0m  |   0.9777082247387047  |      +ve      |        "
24101221320ffc7b3f48df5483596458,"
Name : GP regression
Objective : 197.90087421890712
Number of Parameters : 3
Number of Optimization Parameters : 3
Updates : True
Parameters:
  [1mGP_regression.         [0;0m  |                 value  |  constraints  |  priors
  [1mrbf.variance           [0;0m  |    1.8455059096177937  |      +ve      |        
  [1mrbf.lengthscale        [0;0m  |  0.029213248148618295  |      +ve      |        
  [1mGaussian_noise.variance[0;0m  |   0.39633026818971817  |      +ve      |        "
246f769b5b2a8def141d5c8e3ce5ed5f,"
Name : GP regression
Objective : 285.50590031889794
Number of Parameters : 3
Number of Optimization Parameters : 3
Updates : True
Parameters:
  [1mGP_regression.         [0;0m  |                  value  |  constraints  |  priors
  [1mrbf.variance           [0;0m  |     2.2422019670717006  |      +ve      |        
  [1mrbf.lengthscale        [0;0m  |  6.117978750738529e-20  |      +ve      |        
  [1mGaussian_noise.variance[0;0m  |  8.748401189473523e-15  |      +ve      |        "
247ba8e820c3d4e83efbada0318251f3,"
Name : GP regression
Objective : 44.7433597142261
Number of Parameters : 3
Number of Optimization Parameters : 3
Updates : True
Parameters:
  [1mGP_regression.         [0;0m  |                value  |  constraints  |  priors
  [1mrbf.variance           [0;0m  |  0.23050597185613336  |      +ve      |        
  [1mrbf.lengthscale        [0;0m  |   2.7539867271291327  |      +ve      |        
  [1mGaussian_noise.variance[0;0m  |   2.6385045375026603  |      +ve      |        "
2549774d68d7ccbcba069afb45c7e237,"
Name : GP regression
Objective : 552.1494489818904
Number of Parameters : 3
Number of Optimization Parameters : 3
Updates : True
Parameters:
  [1mGP_regression.         [0;0m  |               value  |  constraints  |  priors
  [1mrbf.variance           [0;0m  |  0.5793705649265186  |      +ve      |        
  [1mrbf.lengthscale        [0;0m  |   1.873032710227652  |      +ve      |        
  [1mGaussian_noise.variance[0;0m  |  1.5892180241688219  |      +ve      |        "
25c68399f38b70d0466ae022feb4fe6a,"
Name : GP regression
Objective : 951.026659493288
Number of Parameters : 3
Number of Optimization Parameters : 3
Updates : True
Parameters:
  [1mGP_regression.         [0;0m  |                value  |  constraints  |  priors
  [1mrbf.variance           [0;0m  |  0.05457137220218586  |      +ve      |        
  [1mrbf.lengthscale        [0;0m  |     1.73239713510174  |      +ve      |        
  [1mGaussian_noise.variance[0;0m  |   1.9156529890103247  |      +ve      |        "
25c9e6830974dbeec5dc6229e28ab717,"
Name : GP regression
Objective : 530.5896781252683
Number of Parameters : 3
Number of Optimization Parameters : 3
Updates : True
Parameters:
  [1mGP_regression.         [0;0m  |                  value  |  constraints  |  priors
  [1mrbf.variance           [0;0m  |     2.0150894004861386  |      +ve      |        
  [1mrbf.lengthscale        [0;0m  |    0.07819766520951041  |      +ve      |        
  [1mGaussian_noise.variance[0;0m  |  4.623187613109383e-06  |      +ve      |        "
27a92df10fe901b00d633e3e83c8c4de,"
Name : GP regression
Objective : 274.3178795405599
Number of Parameters : 3
Number of Optimization Parameters : 3
Updates : True
Parameters:
  [1mGP_regression.         [0;0m  |               value  |  constraints  |  priors
  [1mrbf.variance           [0;0m  |  1.1830097254385115  |      +ve      |        
  [1mrbf.lengthscale        [0;0m  |  1.8681134387227987  |      +ve      |        
  [1mGaussian_noise.variance[0;0m  |   1.239463364740408  |      +ve      |        "
281b5e599b5d1ab7e7cc7effe2ff1361,"
Name : GP regression
Objective : 1038.459046849807
Number of Parameters : 3
Number of Optimization Parameters : 3
Updates : True
Parameters:
  [1mGP_regression.         [0;0m  |                value  |  constraints  |  priors
  [1mrbf.variance           [0;0m  |   0.7563174314408853  |      +ve      |        
  [1mrbf.lengthscale        [0;0m  |  0.35637675253824586  |      +ve      |        
  [1mGaussian_noise.variance[0;0m  |   1.4993573398870477  |      +ve      |        "
29cda473b52e1c75fbfe958ed3aec565,"
Name : GP regression
Objective : 529.157625123549
Number of Parameters : 3
Number of Optimization Parameters : 3
Updates : True
Parameters:
  [1mGP_regression.         [0;0m  |                value  |  constraints  |  priors
  [1mrbf.variance           [0;0m  |  0.38545680726776954  |      +ve      |        
  [1mrbf.lengthscale        [0;0m  |    9.263980988992836  |      +ve      |        
  [1mGaussian_noise.variance[0;0m  |   1.8752618135550396  |      +ve      |        "
2a9b90b41e9399bb331fef2582f657c3,"
Name : GP regression
Objective : 1691.0813031037849
Number of Parameters : 3
Number of Optimization Parameters : 3
Updates : True
Parameters:
  [1mGP_regression.         [0;0m  |                 value  |  constraints  |  priors
  [1mrbf.variance           [0;0m  |    0.8717905827688951  |      +ve      |        
  [1mrbf.lengthscale        [0;0m  |  0.014468210957580795  |      +ve      |        
  [1mGaussian_noise.variance[0;0m  |    1.4015578361174905  |      +ve      |        "
2af06a0d2c453ef4340280ae57348351,"
Name : GP regression
Objective : 347.59912840303616
Number of Parameters : 3
Number of Optimization Parameters : 3
Updates : True
Parameters:
  [1mGP_regression.         [0;0m  |               value  |  constraints  |  priors
  [1mrbf.variance           [0;0m  |  0.5735561956632453  |      +ve      |        
  [1mrbf.lengthscale        [0;0m  |  13.422588108913297  |      +ve      |        
  [1mGaussian_noise.variance[0;0m  |   1.431314831589594  |      +ve      |        "
2b03fed6689963629bed97bfd4d594cc,"
Name : GP regression
Objective : 367.15878839507684
Number of Parameters : 3
Number of Optimization Parameters : 3
Updates : True
Parameters:
  [1mGP_regression.         [0;0m  |               value  |  constraints  |  priors
  [1mrbf.variance           [0;0m  |  0.4146615814014689  |      +ve      |        
  [1mrbf.lengthscale        [0;0m  |  3.4907874302310007  |      +ve      |        
  [1mGaussian_noise.variance[0;0m  |  1.4322248897897023  |      +ve      |        "
2c126f7226966d6b4e03c42f26ca7c14,"
Name : GP regression
Objective : 334.9235966208924
Number of Parameters : 3
Number of Optimization Parameters : 3
Updates : True
Parameters:
  [1mGP_regression.         [0;0m  |                   value  |  constraints  |  priors
  [1mrbf.variance           [0;0m  |  2.8962754400519104e-06  |      +ve      |        
  [1mrbf.lengthscale        [0;0m  |   0.0056010950967030435  |      +ve      |        
  [1mGaussian_noise.variance[0;0m  |      2.0264459286549417  |      +ve      |        "
2cdd105436ad5ae240e79c445f0e1c7b,"
Name : GP regression
Objective : 454.06364234016456
Number of Parameters : 3
Number of Optimization Parameters : 3
Updates : True
Parameters:
  [1mGP_regression.         [0;0m  |                value  |  constraints  |  priors
  [1mrbf.variance           [0;0m  |    1.907004578817056  |      +ve      |        
  [1mrbf.lengthscale        [0;0m  |  0.02778236641035836  |      +ve      |        
  [1mGaussian_noise.variance[0;0m  |  0.08078694076210402  |      +ve      |        "
2d5358598ae629a1e03fd5a4c05c5e05,"
Name : GP regression
Objective : 383.6788559301154
Number of Parameters : 3
Number of Optimization Parameters : 3
Updates : True
Parameters:
  [1mGP_regression.         [0;0m  |                  value  |  constraints  |  priors
  [1mrbf.variance           [0;0m  |  7.945923549081423e-07  |      +ve      |        
  [1mrbf.lengthscale        [0;0m  |   0.016801082465963717  |      +ve      |        
  [1mGaussian_noise.variance[0;0m  |      2.261905034980809  |      +ve      |        "
2dca898dfbdae6716a587adbfd99c542,"
Name : GP regression
Objective : 366.8409302264742
Number of Parameters : 3
Number of Optimization Parameters : 3
Updates : True
Parameters:
  [1mGP_regression.         [0;0m  |               value  |  constraints  |  priors
  [1mrbf.variance           [0;0m  |  0.2594551348240279  |      +ve      |        
  [1mrbf.lengthscale        [0;0m  |  3506.2283918375356  |      +ve      |        
  [1mGaussian_noise.variance[0;0m  |  2.0541181298670392  |      +ve      |        "
2eedcc9edd76d99e6943095e45fc02e9,"
Name : GP regression
Objective : 226.80049646677395
Number of Parameters : 3
Number of Optimization Parameters : 3
Updates : True
Parameters:
  [1mGP_regression.         [0;0m  |                 value  |  constraints  |  priors
  [1mrbf.variance           [0;0m  |     1.729604294757304  |      +ve      |        
  [1mrbf.lengthscale        [0;0m  |  0.045702204896142705  |      +ve      |        
  [1mGaussian_noise.variance[0;0m  |   0.20341550095135238  |      +ve      |        "
2f068bfe36222d929b9e80e851f090a2,"
Name : GP regression
Objective : 328.2752623095741
Number of Parameters : 3
Number of Optimization Parameters : 3
Updates : True
Parameters:
  [1mGP_regression.         [0;0m  |                value  |  constraints  |  priors
  [1mrbf.variance           [0;0m  |  0.15975923176239698  |      +ve      |        
  [1mrbf.lengthscale        [0;0m  |   1.4835208402480509  |      +ve      |        
  [1mGaussian_noise.variance[0;0m  |    2.337114602309356  |      +ve      |        "
2f8b2c45240876273121d77072b5c17b,"
Name : GP regression
Objective : 499.3986656602975
Number of Parameters : 3
Number of Optimization Parameters : 3
Updates : True
Parameters:
  [1mGP_regression.         [0;0m  |                value  |  constraints  |  priors
  [1mrbf.variance           [0;0m  |  0.09899423966133504  |      +ve      |        
  [1mrbf.lengthscale        [0;0m  |   3058.4664289863454  |      +ve      |        
  [1mGaussian_noise.variance[0;0m  |   2.2756371738174606  |      +ve      |        "
2fba0f9dccc84f3516d8b553426af527,"
Name : GP regression
Objective : 599.9209304069517
Number of Parameters : 3
Number of Optimization Parameters : 3
Updates : True
Parameters:
  [1mGP_regression.         [0;0m  |                 value  |  constraints  |  priors
  [1mrbf.variance           [0;0m  |    0.3969957114461131  |      +ve      |        
  [1mrbf.lengthscale        [0;0m  |  0.030244156173925694  |      +ve      |        
  [1mGaussian_noise.variance[0;0m  |    1.6865123433719424  |      +ve      |        "
2fbefca6448d373830ba762edb69cf09,"
Name : GP regression
Objective : 24.543840209428282
Number of Parameters : 3
Number of Optimization Parameters : 3
Updates : True
Parameters:
  [1mGP_regression.         [0;0m  |                value  |  constraints  |  priors
  [1mrbf.variance           [0;0m  |   1.2037633959564622  |      +ve      |        
  [1mrbf.lengthscale        [0;0m  |  0.22225472107112165  |      +ve      |        
  [1mGaussian_noise.variance[0;0m  |    2.296236545253293  |      +ve      |        "
2fcae74c5f4a658389411d7e32b6f9e8,"
Name : GP regression
Objective : 215.32266668046086
Number of Parameters : 3
Number of Optimization Parameters : 3
Updates : True
Parameters:
  [1mGP_regression.         [0;0m  |                   value  |  constraints  |  priors
  [1mrbf.variance           [0;0m  |       2.463355639828134  |      +ve      |        
  [1mrbf.lengthscale        [0;0m  |      0.3748744599028708  |      +ve      |        
  [1mGaussian_noise.variance[0;0m  |  2.4250408401461516e-08  |      +ve      |        "
300e47a21ae2b1bdf50f2c85a3dc3019,"
Name : GP regression
Objective : 145.8117790528991
Number of Parameters : 3
Number of Optimization Parameters : 3
Updates : True
Parameters:
  [1mGP_regression.         [0;0m  |                value  |  constraints  |  priors
  [1mrbf.variance           [0;0m  |  0.06776588110060525  |      +ve      |        
  [1mrbf.lengthscale        [0;0m  |   3.9929755684735095  |      +ve      |        
  [1mGaussian_noise.variance[0;0m  |   2.5167171831079163  |      +ve      |        "
303ae1c4c034f9ab68985d9515cf1368,"
Name : GP regression
Objective : 46.37269064406246
Number of Parameters : 3
Number of Optimization Parameters : 3
Updates : True
Parameters:
  [1mGP_regression.         [0;0m  |               value  |  constraints  |  priors
  [1mrbf.variance           [0;0m  |  1.2192540182666662  |      +ve      |        
  [1mrbf.lengthscale        [0;0m  |  0.5094595942527627  |      +ve      |        
  [1mGaussian_noise.variance[0;0m  |   0.387888832142369  |      +ve      |        "
30723e9e5ecfe6d20e5e67d1163e3965,"
Name : GP regression
Objective : 235.73486030267264
Number of Parameters : 3
Number of Optimization Parameters : 3
Updates : True
Parameters:
  [1mGP_regression.         [0;0m  |               value  |  constraints  |  priors
  [1mrbf.variance           [0;0m  |  0.4102060066466019  |      +ve      |        
  [1mrbf.lengthscale        [0;0m  |  1.9831240701562864  |      +ve      |        
  [1mGaussian_noise.variance[0;0m  |  1.7519271950786686  |      +ve      |        "
30a277c368cd776e50dab73b9b16fc88,"
Name : GP regression
Objective : 110.68720774411528
Number of Parameters : 3
Number of Optimization Parameters : 3
Updates : True
Parameters:
  [1mGP_regression.         [0;0m  |                value  |  constraints  |  priors
  [1mrbf.variance           [0;0m  |   0.8745630917832483  |      +ve      |        
  [1mrbf.lengthscale        [0;0m  |  0.08018050722403446  |      +ve      |        
  [1mGaussian_noise.variance[0;0m  |   1.2060902873877257  |      +ve      |        "
311b0b87ac6fec82011ed6f09f5f626d,"
Name : GP regression
Objective : 164.56465910140938
Number of Parameters : 3
Number of Optimization Parameters : 3
Updates : True
Parameters:
  [1mGP_regression.         [0;0m  |                 value  |  constraints  |  priors
  [1mrbf.variance           [0;0m  |    2.0763739345082306  |      +ve      |        
  [1mrbf.lengthscale        [0;0m  |   0.29685935526716517  |      +ve      |        
  [1mGaussian_noise.variance[0;0m  |  1.05285895429588e-07  |      +ve      |        "
320c7c0997ad8fdfd0fdf6ee1832c64e,"
Name : GP regression
Objective : 551.3132190864824
Number of Parameters : 3
Number of Optimization Parameters : 3
Updates : True
Parameters:
  [1mGP_regression.         [0;0m  |                   value  |  constraints  |  priors
  [1mrbf.variance           [0;0m  |   5.060518879106571e-07  |      +ve      |        
  [1mrbf.lengthscale        [0;0m  |  1.5176537554281922e-08  |      +ve      |        
  [1mGaussian_noise.variance[0;0m  |      1.9396824439894456  |      +ve      |        "
33ccb4623ec83bac64472003b8d3372b,"
Name : GP regression
Objective : 830.6479036514409
Number of Parameters : 3
Number of Optimization Parameters : 3
Updates : True
Parameters:
  [1mGP_regression.         [0;0m  |                  value  |  constraints  |  priors
  [1mrbf.variance           [0;0m  |     2.0226003201641207  |      +ve      |        
  [1mrbf.lengthscale        [0;0m  |   0.025359122675292126  |      +ve      |        
  [1mGaussian_noise.variance[0;0m  |  4.044970986568675e-05  |      +ve      |        "
3416e6ccb1a841127299953f823efa0d,"
Name : GP regression
Objective : 119.5511116152785
Number of Parameters : 3
Number of Optimization Parameters : 3
Updates : True
Parameters:
  [1mGP_regression.         [0;0m  |                   value  |  constraints  |  priors
  [1mrbf.variance           [0;0m  |  1.5012280811586476e-07  |      +ve      |        
  [1mrbf.lengthscale        [0;0m  |    0.012979383732976565  |      +ve      |        
  [1mGaussian_noise.variance[0;0m  |      1.9705834039484886  |      +ve      |        "
357fbfc2277b866d8a997ecab062cbc9,"
Name : GP regression
Objective : 874.4006589478067
Number of Parameters : 3
Number of Optimization Parameters : 3
Updates : True
Parameters:
  [1mGP_regression.         [0;0m  |                value  |  constraints  |  priors
  [1mrbf.variance           [0;0m  |  0.23754607481868223  |      +ve      |        
  [1mrbf.lengthscale        [0;0m  |  0.25200699221851464  |      +ve      |        
  [1mGaussian_noise.variance[0;0m  |    1.676085685879725  |      +ve      |        "
358726897dec59e15335b3ff573f6159,"
Name : GP regression
Objective : 68.7210983838387
Number of Parameters : 3
Number of Optimization Parameters : 3
Updates : True
Parameters:
  [1mGP_regression.         [0;0m  |                value  |  constraints  |  priors
  [1mrbf.variance           [0;0m  |  0.01173950342626896  |      +ve      |        
  [1mrbf.lengthscale        [0;0m  |  0.02123107174253732  |      +ve      |        
  [1mGaussian_noise.variance[0;0m  |   2.9596423887260803  |      +ve      |        "
376cc1797a7cbb41a33c392044fc2794,"
Name : GP regression
Objective : 545.6951518285426
Number of Parameters : 3
Number of Optimization Parameters : 3
Updates : True
Parameters:
  [1mGP_regression.         [0;0m  |                   value  |  constraints  |  priors
  [1mrbf.variance           [0;0m  |  1.2944964759382903e-05  |      +ve      |        
  [1mrbf.lengthscale        [0;0m  |    0.004082255254016273  |      +ve      |        
  [1mGaussian_noise.variance[0;0m  |      2.1216440996209314  |      +ve      |        "
37dc41c2fb88c226997850730b7fee11,"
Name : GP regression
Objective : 333.1229132238089
Number of Parameters : 3
Number of Optimization Parameters : 3
Updates : True
Parameters:
  [1mGP_regression.         [0;0m  |                  value  |  constraints  |  priors
  [1mrbf.variance           [0;0m  |     1.5395278975772437  |      +ve      |        
  [1mrbf.lengthscale        [0;0m  |    0.07584422017645975  |      +ve      |        
  [1mGaussian_noise.variance[0;0m  |  9.707553547720415e-09  |      +ve      |        "
39b2af957c2488970cb89c161b6bf94e,"
Name : GP regression
Objective : 1137.392301045808
Number of Parameters : 3
Number of Optimization Parameters : 3
Updates : True
Parameters:
  [1mGP_regression.         [0;0m  |                   value  |  constraints  |  priors
  [1mrbf.variance           [0;0m  |  0.00016313787929948454  |      +ve      |        
  [1mrbf.lengthscale        [0;0m  |   0.0028825670841867127  |      +ve      |        
  [1mGaussian_noise.variance[0;0m  |       2.035723374767793  |      +ve      |        "
39b83fcebd7a521c51f8ef623172bed0,"
Name : GP regression
Objective : 246.7489925504227
Number of Parameters : 3
Number of Optimization Parameters : 3
Updates : True
Parameters:
  [1mGP_regression.         [0;0m  |                value  |  constraints  |  priors
  [1mrbf.variance           [0;0m  |  0.38793321857576235  |      +ve      |        
  [1mrbf.lengthscale        [0;0m  |   15.300158786230124  |      +ve      |        
  [1mGaussian_noise.variance[0;0m  |   1.7543196518050856  |      +ve      |        "
3a22ecf7125d120b6ca783020d86cb40,"
Name : GP regression
Objective : 430.93766209722344
Number of Parameters : 3
Number of Optimization Parameters : 3
Updates : True
Parameters:
  [1mGP_regression.         [0;0m  |                value  |  constraints  |  priors
  [1mrbf.variance           [0;0m  |  0.32313705414496924  |      +ve      |        
  [1mrbf.lengthscale        [0;0m  |   14.398401299039254  |      +ve      |        
  [1mGaussian_noise.variance[0;0m  |   1.6306212268202624  |      +ve      |        "
