userid,model_para,lengthscale_init,timescale
009d96a823b6f6c085c092fb177491f6,"
Name : GP regression
Objective : 61.93877013384851
Number of Parameters : 3
Number of Optimization Parameters : 3
Updates : True
Parameters:
  [1mGP_regression.         [0;0m  |               value  |  constraints  |  priors
  [1mrbf.variance           [0;0m  |  0.5273336380345848  |      +ve      |        
  [1mrbf.lengthscale        [0;0m  |  20.789481730223766  |      +ve      |        
  [1mGaussian_noise.variance[0;0m  |  0.4871889608524888  |      +ve      |        ",168,3600
0724fe854bd455061ba84efecdeff469,"
Name : GP regression
Objective : 59.81664806193807
Number of Parameters : 3
Number of Optimization Parameters : 3
Updates : True
Parameters:
  [1mGP_regression.         [0;0m  |               value  |  constraints  |  priors
  [1mrbf.variance           [0;0m  |  0.5281984281420936  |      +ve      |        
  [1mrbf.lengthscale        [0;0m  |  2.2752931895081514  |      +ve      |        
  [1mGaussian_noise.variance[0;0m  |  0.2727701030747832  |      +ve      |        ",168,3600
088bf0ed841bcc366475b3975eb1b9d2,"
Name : GP regression
Objective : 51.61630649408288
Number of Parameters : 3
Number of Optimization Parameters : 3
Updates : True
Parameters:
  [1mGP_regression.         [0;0m  |                value  |  constraints  |  priors
  [1mrbf.variance           [0;0m  |  0.05698331120397568  |      +ve      |        
  [1mrbf.lengthscale        [0;0m  |    6.374387540129383  |      +ve      |        
  [1mGaussian_noise.variance[0;0m  |   0.7178957503875544  |      +ve      |        ",168,3600
0b12516100c16f779b152858619786ff,"
Name : GP regression
Objective : 79.48539378791952
Number of Parameters : 3
Number of Optimization Parameters : 3
Updates : True
Parameters:
  [1mGP_regression.         [0;0m  |                  value  |  constraints  |  priors
  [1mrbf.variance           [0;0m  |     0.9495704481819303  |      +ve      |        
  [1mrbf.lengthscale        [0;0m  |      0.554228297760921  |      +ve      |        
  [1mGaussian_noise.variance[0;0m  |  7.631680005685316e-11  |      +ve      |        ",168,3600
0c5d06511ef79fba34da417e8c751fff,"
Name : GP regression
Objective : 46.59347863338544
Number of Parameters : 3
Number of Optimization Parameters : 3
Updates : True
Parameters:
  [1mGP_regression.         [0;0m  |               value  |  constraints  |  priors
  [1mrbf.variance           [0;0m  |  0.1330341880388238  |      +ve      |        
  [1mrbf.lengthscale        [0;0m  |  43379.490250513845  |      +ve      |        
  [1mGaussian_noise.variance[0;0m  |  1.0231971190305889  |      +ve      |        ",168,3600
0e3fdb89c7706b13891170ab2a9017c7,"
Name : GP regression
Objective : 50.78386506448658
Number of Parameters : 3
Number of Optimization Parameters : 3
Updates : True
Parameters:
  [1mGP_regression.         [0;0m  |               value  |  constraints  |  priors
  [1mrbf.variance           [0;0m  |   0.465891537014535  |      +ve      |        
  [1mrbf.lengthscale        [0;0m  |  2027.4018320118153  |      +ve      |        
  [1mGaussian_noise.variance[0;0m  |  0.8921848062913693  |      +ve      |        ",168,3600
10aef9f9c929fbfcffa58b68eda20dfb,"
Name : GP regression
Objective : -0.2419174771047794
Number of Parameters : 3
Number of Optimization Parameters : 3
Updates : True
Parameters:
  [1mGP_regression.         [0;0m  |                  value  |  constraints  |  priors
  [1mrbf.variance           [0;0m  |     0.4012250697854834  |      +ve      |        
  [1mrbf.lengthscale        [0;0m  |      56.89149155303626  |      +ve      |        
  [1mGaussian_noise.variance[0;0m  |  1.105167616297594e-17  |      +ve      |        ",168,3600
1789589a6d2bba0f09d768f8f3445be5,"
Name : GP regression
Objective : 49.57937160894069
Number of Parameters : 3
Number of Optimization Parameters : 3
Updates : True
Parameters:
  [1mGP_regression.         [0;0m  |                   value  |  constraints  |  priors
  [1mrbf.variance           [0;0m  |      0.8958340175625303  |      +ve      |        
  [1mrbf.lengthscale        [0;0m  |    1.09621449195752e-29  |      +ve      |        
  [1mGaussian_noise.variance[0;0m  |  1.4946533746861297e-48  |      +ve      |        ",168,3600
193165601dfad67e79ef52b2caf9fd9e,"
Name : GP regression
Objective : 34.868099450200724
Number of Parameters : 3
Number of Optimization Parameters : 3
Updates : True
Parameters:
  [1mGP_regression.         [0;0m  |                value  |  constraints  |  priors
  [1mrbf.variance           [0;0m  |   1.4656149427017933  |      +ve      |        
  [1mrbf.lengthscale        [0;0m  |    5.359627949011155  |      +ve      |        
  [1mGaussian_noise.variance[0;0m  |  0.31111206500273825  |      +ve      |        ",168,3600
1c1a61d11a10f9fa967f250095792db3,"
Name : GP regression
Objective : 45.19625362522226
Number of Parameters : 3
Number of Optimization Parameters : 3
Updates : True
Parameters:
  [1mGP_regression.         [0;0m  |                value  |  constraints  |  priors
  [1mrbf.variance           [0;0m  |   0.9268296811982986  |      +ve      |        
  [1mrbf.lengthscale        [0;0m  |   14.266034890027164  |      +ve      |        
  [1mGaussian_noise.variance[0;0m  |  0.11660719043628487  |      +ve      |        ",168,3600
1e84bfe1c9bbd549913aad1bc57c8878,"
Name : GP regression
Objective : 43.40723198712668
Number of Parameters : 3
Number of Optimization Parameters : 3
Updates : True
Parameters:
  [1mGP_regression.         [0;0m  |                value  |  constraints  |  priors
  [1mrbf.variance           [0;0m  |  0.21211308278912916  |      +ve      |        
  [1mrbf.lengthscale        [0;0m  |   156921.96225795776  |      +ve      |        
  [1mGaussian_noise.variance[0;0m  |   0.7575767579739077  |      +ve      |        ",168,3600
23cbbe03a89344129e1a6d8419a66d23,"
Name : GP regression
Objective : 42.789893692804796
Number of Parameters : 3
Number of Optimization Parameters : 3
Updates : True
Parameters:
  [1mGP_regression.         [0;0m  |               value  |  constraints  |  priors
  [1mrbf.variance           [0;0m  |  0.6023519008422871  |      +ve      |        
  [1mrbf.lengthscale        [0;0m  |   516.7345790241178  |      +ve      |        
  [1mGaussian_noise.variance[0;0m  |  0.5173691505141169  |      +ve      |        ",168,3600
2549774d68d7ccbcba069afb45c7e237,"
Name : GP regression
Objective : 74.2474166499062
Number of Parameters : 3
Number of Optimization Parameters : 3
Updates : True
Parameters:
  [1mGP_regression.         [0;0m  |                   value  |  constraints  |  priors
  [1mrbf.variance           [0;0m  |      0.8598167516558862  |      +ve      |        
  [1mrbf.lengthscale        [0;0m  |     0.27436259160647997  |      +ve      |        
  [1mGaussian_noise.variance[0;0m  |  2.4190453145598975e-07  |      +ve      |        ",168,3600
29cda473b52e1c75fbfe958ed3aec565,"
Name : GP regression
Objective : 40.709220349449
Number of Parameters : 3
Number of Optimization Parameters : 3
Updates : True
Parameters:
  [1mGP_regression.         [0;0m  |               value  |  constraints  |  priors
  [1mrbf.variance           [0;0m  |  0.5268692291431228  |      +ve      |        
  [1mrbf.lengthscale        [0;0m  |   861588.6387772664  |      +ve      |        
  [1mGaussian_noise.variance[0;0m  |  0.7311826877731142  |      +ve      |        ",168,3600
2a9b90b41e9399bb331fef2582f657c3,"
Name : GP regression
Objective : 287.3487907300158
Number of Parameters : 3
Number of Optimization Parameters : 3
Updates : True
Parameters:
  [1mGP_regression.         [0;0m  |                  value  |  constraints  |  priors
  [1mrbf.variance           [0;0m  |     1.0588240799352653  |      +ve      |        
  [1mrbf.lengthscale        [0;0m  |   5.34070915512019e-97  |      +ve      |        
  [1mGaussian_noise.variance[0;0m  |  7.018109249491669e-54  |      +ve      |        ",168,3600
2dca898dfbdae6716a587adbfd99c542,"
Name : GP regression
Objective : 62.9484974099352
Number of Parameters : 3
Number of Optimization Parameters : 3
Updates : True
Parameters:
  [1mGP_regression.         [0;0m  |                value  |  constraints  |  priors
  [1mrbf.variance           [0;0m  |  0.29992521939604194  |      +ve      |        
  [1mrbf.lengthscale        [0;0m  |    39.83057135181443  |      +ve      |        
  [1mGaussian_noise.variance[0;0m  |   0.5871382620887566  |      +ve      |        ",168,3600
2fba0f9dccc84f3516d8b553426af527,"
Name : GP regression
Objective : 73.05099210543204
Number of Parameters : 3
Number of Optimization Parameters : 3
Updates : True
Parameters:
  [1mGP_regression.         [0;0m  |                 value  |  constraints  |  priors
  [1mrbf.variance           [0;0m  |    0.7147030282981499  |      +ve      |        
  [1mrbf.lengthscale        [0;0m  |  0.021913677389674074  |      +ve      |        
  [1mGaussian_noise.variance[0;0m  |    0.5193893233056552  |      +ve      |        ",168,3600
30723e9e5ecfe6d20e5e67d1163e3965,"
Name : GP regression
Objective : 96.76510753449318
Number of Parameters : 3
Number of Optimization Parameters : 3
Updates : True
Parameters:
  [1mGP_regression.         [0;0m  |                value  |  constraints  |  priors
  [1mrbf.variance           [0;0m  |  0.14423236797668404  |      +ve      |        
  [1mrbf.lengthscale        [0;0m  |    861962.2217428441  |      +ve      |        
  [1mGaussian_noise.variance[0;0m  |   0.5498297780142959  |      +ve      |        ",168,3600
39b2af957c2488970cb89c161b6bf94e,"
Name : GP regression
Objective : 214.90138946145964
Number of Parameters : 3
Number of Optimization Parameters : 3
Updates : True
Parameters:
  [1mGP_regression.         [0;0m  |                value  |  constraints  |  priors
  [1mrbf.variance           [0;0m  |  0.08438087169758215  |      +ve      |        
  [1mrbf.lengthscale        [0;0m  |    63877.79558430642  |      +ve      |        
  [1mGaussian_noise.variance[0;0m  |   1.2134765683390731  |      +ve      |        ",168,3600
3ac58ad39d81acfe169aadc4815effe6,"
Name : GP regression
Objective : 72.77696899184106
Number of Parameters : 3
Number of Optimization Parameters : 3
Updates : True
Parameters:
  [1mGP_regression.         [0;0m  |               value  |  constraints  |  priors
  [1mrbf.variance           [0;0m  |  0.1785798355918157  |      +ve      |        
  [1mrbf.lengthscale        [0;0m  |  21.377504306953664  |      +ve      |        
  [1mGaussian_noise.variance[0;0m  |  0.5648646635417918  |      +ve      |        ",168,3600
3e61391d06340a430182ec676ed47eaf,"
Name : GP regression
Objective : 1.418669860212122
Number of Parameters : 3
Number of Optimization Parameters : 3
Updates : True
Parameters:
  [1mGP_regression.         [0;0m  |                  value  |  constraints  |  priors
  [1mrbf.variance           [0;0m  |    0.28962802713129737  |      +ve      |        
  [1mrbf.lengthscale        [0;0m  |     308.96699290818424  |      +ve      |        
  [1mGaussian_noise.variance[0;0m  |  5.976171432812331e-32  |      +ve      |        ",168,3600
3e6f69fc89da71e8237c717ac218677b,"
Name : GP regression
Objective : 27.30657651550925
Number of Parameters : 3
Number of Optimization Parameters : 3
Updates : True
Parameters:
  [1mGP_regression.         [0;0m  |               value  |  constraints  |  priors
  [1mrbf.variance           [0;0m  |  0.2771926984226509  |      +ve      |        
  [1mrbf.lengthscale        [0;0m  |  507.47608818810687  |      +ve      |        
  [1mGaussian_noise.variance[0;0m  |  0.6637938075707458  |      +ve      |        ",168,3600
4104c0b8700d519d1661c8a59b065363,"
Name : GP regression
Objective : 55.87536182300968
Number of Parameters : 3
Number of Optimization Parameters : 3
Updates : True
Parameters:
  [1mGP_regression.         [0;0m  |               value  |  constraints  |  priors
  [1mrbf.variance           [0;0m  |  0.5449236967935577  |      +ve      |        
  [1mrbf.lengthscale        [0;0m  |  1.1435332854123939  |      +ve      |        
  [1mGaussian_noise.variance[0;0m  |  0.5190158383924564  |      +ve      |        ",168,3600
41ef345410ba421410cb4d09c331aec3,"
Name : GP regression
Objective : 34.62204397833696
Number of Parameters : 3
Number of Optimization Parameters : 3
Updates : True
Parameters:
  [1mGP_regression.         [0;0m  |                value  |  constraints  |  priors
  [1mrbf.variance           [0;0m  |   0.3167939476116887  |      +ve      |        
  [1mrbf.lengthscale        [0;0m  |   239.59937427330192  |      +ve      |        
  [1mGaussian_noise.variance[0;0m  |  0.36956758172431436  |      +ve      |        ",168,3600
4764518d32334248e6ebbf681a18fd0c,"
Name : GP regression
Objective : 123.86511398487752
Number of Parameters : 3
Number of Optimization Parameters : 3
Updates : True
Parameters:
  [1mGP_regression.         [0;0m  |                value  |  constraints  |  priors
  [1mrbf.variance           [0;0m  |  0.05824806358466566  |      +ve      |        
  [1mrbf.lengthscale        [0;0m  |     154.030552209663  |      +ve      |        
  [1mGaussian_noise.variance[0;0m  |   0.8003153816380233  |      +ve      |        ",168,3600
4908adae6cf09defb838925defcc5e61,"
Name : GP regression
Objective : 128.04232322317145
Number of Parameters : 3
Number of Optimization Parameters : 3
Updates : True
Parameters:
  [1mGP_regression.         [0;0m  |                   value  |  constraints  |  priors
  [1mrbf.variance           [0;0m  |      0.8748365486273786  |      +ve      |        
  [1mrbf.lengthscale        [0;0m  |       0.172968043702843  |      +ve      |        
  [1mGaussian_noise.variance[0;0m  |  1.7976218668624027e-15  |      +ve      |        ",168,3600
49fb9fce8f4dc022318b8cd432aad8b6,"
Name : GP regression
Objective : 34.43596010065096
Number of Parameters : 3
Number of Optimization Parameters : 3
Updates : True
Parameters:
  [1mGP_regression.         [0;0m  |                   value  |  constraints  |  priors
  [1mrbf.variance           [0;0m  |      1.0499201130524236  |      +ve      |        
  [1mrbf.lengthscale        [0;0m  |       7.372714477866192  |      +ve      |        
  [1mGaussian_noise.variance[0;0m  |  1.5615923635173553e-10  |      +ve      |        ",168,3600
4d7ae0617845c6b30eb85b55a991f4c5,"
Name : GP regression
Objective : 65.3720665867659
Number of Parameters : 3
Number of Optimization Parameters : 3
Updates : True
Parameters:
  [1mGP_regression.         [0;0m  |                value  |  constraints  |  priors
  [1mrbf.variance           [0;0m  |  0.15477123755484787  |      +ve      |        
  [1mrbf.lengthscale        [0;0m  |   348.62334241349765  |      +ve      |        
  [1mGaussian_noise.variance[0;0m  |   1.4414645700970456  |      +ve      |        ",168,3600
55a72284594fdda49b22a6610b9b91d6,"
Name : GP regression
Objective : 98.20627054809606
Number of Parameters : 3
Number of Optimization Parameters : 3
Updates : True
Parameters:
  [1mGP_regression.         [0;0m  |               value  |  constraints  |  priors
  [1mrbf.variance           [0;0m  |  0.9262195591548995  |      +ve      |        
  [1mrbf.lengthscale        [0;0m  |  3.2357524298125178  |      +ve      |        
  [1mGaussian_noise.variance[0;0m  |  0.1739636922387852  |      +ve      |        ",168,3600
57118d9a71e91b6568471ffbd7077415,"
Name : GP regression
Objective : 24.96784101832464
Number of Parameters : 3
Number of Optimization Parameters : 3
Updates : True
Parameters:
  [1mGP_regression.         [0;0m  |                value  |  constraints  |  priors
  [1mrbf.variance           [0;0m  |  0.21764402206717826  |      +ve      |        
  [1mrbf.lengthscale        [0;0m  |    968.3484935372611  |      +ve      |        
  [1mGaussian_noise.variance[0;0m  |    0.624789897107611  |      +ve      |        ",168,3600
5b1eb32579450829ec8faab4d3472ffb,"
Name : GP regression
Objective : 31.866956172788
Number of Parameters : 3
Number of Optimization Parameters : 3
Updates : True
Parameters:
  [1mGP_regression.         [0;0m  |                value  |  constraints  |  priors
  [1mrbf.variance           [0;0m  |  0.23683312121677996  |      +ve      |        
  [1mrbf.lengthscale        [0;0m  |    100438.4198961748  |      +ve      |        
  [1mGaussian_noise.variance[0;0m  |    1.313160395469468  |      +ve      |        ",168,3600
5c31d7d80e78643cd5289acec0561d77,"
Name : GP regression
Objective : 23.13379546036983
Number of Parameters : 3
Number of Optimization Parameters : 3
Updates : True
Parameters:
  [1mGP_regression.         [0;0m  |                value  |  constraints  |  priors
  [1mrbf.variance           [0;0m  |   0.4966331279205024  |      +ve      |        
  [1mrbf.lengthscale        [0;0m  |    22.62544794754452  |      +ve      |        
  [1mGaussian_noise.variance[0;0m  |  0.24687971164826666  |      +ve      |        ",168,3600
5cc136477bfe3fcfe809dc451e4243ef,"
Name : GP regression
Objective : 76.66113773989949
Number of Parameters : 3
Number of Optimization Parameters : 3
Updates : True
Parameters:
  [1mGP_regression.         [0;0m  |                 value  |  constraints  |  priors
  [1mrbf.variance           [0;0m  |    0.5919954421880282  |      +ve      |        
  [1mrbf.lengthscale        [0;0m  |   0.24542707864321645  |      +ve      |        
  [1mGaussian_noise.variance[0;0m  |  9.95907245448516e-10  |      +ve      |        ",168,3600
5f86969fe97dd82aba8a683fe7ce6460,"
Name : GP regression
Objective : 68.47628367721735
Number of Parameters : 3
Number of Optimization Parameters : 3
Updates : True
Parameters:
  [1mGP_regression.         [0;0m  |                  value  |  constraints  |  priors
  [1mrbf.variance           [0;0m  |      1.014107231004962  |      +ve      |        
  [1mrbf.lengthscale        [0;0m  |    0.33509325027687065  |      +ve      |        
  [1mGaussian_noise.variance[0;0m  |  9.909117438516873e-27  |      +ve      |        ",168,3600
5fcf46eb6809a240af3ab9bcb4f2b92f,"
Name : GP regression
Objective : 50.40215406318949
Number of Parameters : 3
Number of Optimization Parameters : 3
Updates : True
Parameters:
  [1mGP_regression.         [0;0m  |                value  |  constraints  |  priors
  [1mrbf.variance           [0;0m  |   0.6163845840760939  |      +ve      |        
  [1mrbf.lengthscale        [0;0m  |    3.031310785189968  |      +ve      |        
  [1mGaussian_noise.variance[0;0m  |  0.09578694799798629  |      +ve      |        ",168,3600
61e7f6145fd03d709cabbde3faf33412,"
Name : GP regression
Objective : 59.90181918588638
Number of Parameters : 3
Number of Optimization Parameters : 3
Updates : True
Parameters:
  [1mGP_regression.         [0;0m  |                   value  |  constraints  |  priors
  [1mrbf.variance           [0;0m  |      1.0163147221626985  |      +ve      |        
  [1mrbf.lengthscale        [0;0m  |      1.7513049734367794  |      +ve      |        
  [1mGaussian_noise.variance[0;0m  |  1.0230076895437969e-23  |      +ve      |        ",168,3600
6262f9ea246e00408561aa9a73c49175,"
Name : GP regression
Objective : 80.49344243774672
Number of Parameters : 3
Number of Optimization Parameters : 3
Updates : True
Parameters:
  [1mGP_regression.         [0;0m  |                value  |  constraints  |  priors
  [1mrbf.variance           [0;0m  |   0.7237059959176023  |      +ve      |        
  [1mrbf.lengthscale        [0;0m  |    620.4307467192174  |      +ve      |        
  [1mGaussian_noise.variance[0;0m  |  0.22274378824784086  |      +ve      |        ",168,3600
64463aa93c9145fa0724a9e89ea7be2a,"
Name : GP regression
Objective : 38.273158089033764
Number of Parameters : 3
Number of Optimization Parameters : 3
Updates : True
Parameters:
  [1mGP_regression.         [0;0m  |               value  |  constraints  |  priors
  [1mrbf.variance           [0;0m  |  0.7488495908915064  |      +ve      |        
  [1mrbf.lengthscale        [0;0m  |    705087.139041073  |      +ve      |        
  [1mGaussian_noise.variance[0;0m  |  1.7056302776878671  |      +ve      |        ",168,3600
66495ec54feb9e2399db05a67a80f2c6,"
Name : GP regression
Objective : 34.358550212299576
Number of Parameters : 3
Number of Optimization Parameters : 3
Updates : True
Parameters:
  [1mGP_regression.         [0;0m  |               value  |  constraints  |  priors
  [1mrbf.variance           [0;0m  |  0.7241616621024444  |      +ve      |        
  [1mrbf.lengthscale        [0;0m  |   237973.6456395185  |      +ve      |        
  [1mGaussian_noise.variance[0;0m  |  0.5517137938664505  |      +ve      |        ",168,3600
6665bcd5e5324938fdbb5ea467fb5e3f,"
Name : GP regression
Objective : 25.66888877951764
Number of Parameters : 3
Number of Optimization Parameters : 3
Updates : True
Parameters:
  [1mGP_regression.         [0;0m  |                   value  |  constraints  |  priors
  [1mrbf.variance           [0;0m  |      0.9198120429827044  |      +ve      |        
  [1mrbf.lengthscale        [0;0m  |       7.563315687310884  |      +ve      |        
  [1mGaussian_noise.variance[0;0m  |  2.9044224095279504e-08  |      +ve      |        ",168,3600
7175a46eaf9d0a6e00c562bfaa614360,"
Name : GP regression
Objective : 50.21654611086665
Number of Parameters : 3
Number of Optimization Parameters : 3
Updates : True
Parameters:
  [1mGP_regression.         [0;0m  |                   value  |  constraints  |  priors
  [1mrbf.variance           [0;0m  |      1.0434754869836962  |      +ve      |        
  [1mrbf.lengthscale        [0;0m  |  2.6035289677049036e-48  |      +ve      |        
  [1mGaussian_noise.variance[0;0m  |    9.20474661552893e-48  |      +ve      |        ",168,3600
748b929276449add1cb3bb5985e85fa1,"
Name : GP regression
Objective : 57.92575334201615
Number of Parameters : 3
Number of Optimization Parameters : 3
Updates : True
Parameters:
  [1mGP_regression.         [0;0m  |                   value  |  constraints  |  priors
  [1mrbf.variance           [0;0m  |      0.8173806626506179  |      +ve      |        
  [1mrbf.lengthscale        [0;0m  |      2.4274735003766597  |      +ve      |        
  [1mGaussian_noise.variance[0;0m  |  1.6824297530478622e-06  |      +ve      |        ",168,3600
7e450a79b8bacd420727a5dd9305f8d8,"
Name : GP regression
Objective : 66.8398747091154
Number of Parameters : 3
Number of Optimization Parameters : 3
Updates : True
Parameters:
  [1mGP_regression.         [0;0m  |                value  |  constraints  |  priors
  [1mrbf.variance           [0;0m  |   0.8973085733436202  |      +ve      |        
  [1mrbf.lengthscale        [0;0m  |   0.5869266874114303  |      +ve      |        
  [1mGaussian_noise.variance[0;0m  |  0.13835025669902695  |      +ve      |        ",168,3600
82e932005d8c94bb93bcb54fa19f421c,"
Name : GP regression
Objective : 220.49118525349604
Number of Parameters : 3
Number of Optimization Parameters : 3
Updates : True
Parameters:
  [1mGP_regression.         [0;0m  |               value  |  constraints  |  priors
  [1mrbf.variance           [0;0m  |  0.2126023735440158  |      +ve      |        
  [1mrbf.lengthscale        [0;0m  |    264.884403155492  |      +ve      |        
  [1mGaussian_noise.variance[0;0m  |  0.7830673529377534  |      +ve      |        ",168,3600
83b42f70e17daecbc41b785c2b9ce869,"
Name : GP regression
Objective : 46.30867600510221
Number of Parameters : 3
Number of Optimization Parameters : 3
Updates : True
Parameters:
  [1mGP_regression.         [0;0m  |               value  |  constraints  |  priors
  [1mrbf.variance           [0;0m  |  0.2571723615113992  |      +ve      |        
  [1mrbf.lengthscale        [0;0m  |  192.81670714662553  |      +ve      |        
  [1mGaussian_noise.variance[0;0m  |   0.517975061849246  |      +ve      |        ",168,3600
87ab3ba2cf5dd6ef4f4807a754dd968b,"
Name : GP regression
Objective : 28.8979423243307
Number of Parameters : 3
Number of Optimization Parameters : 3
Updates : True
Parameters:
  [1mGP_regression.         [0;0m  |                value  |  constraints  |  priors
  [1mrbf.variance           [0;0m  |  0.14991764390011195  |      +ve      |        
  [1mrbf.lengthscale        [0;0m  |   1381.0334124794367  |      +ve      |        
  [1mGaussian_noise.variance[0;0m  |  0.39127945966626104  |      +ve      |        ",168,3600
8a1c6e4eb35abbf1ae252628fca46cdb,"
Name : GP regression
Objective : 25.28371625042879
Number of Parameters : 3
Number of Optimization Parameters : 3
Updates : True
Parameters:
  [1mGP_regression.         [0;0m  |                  value  |  constraints  |  priors
  [1mrbf.variance           [0;0m  |     0.4998678321758071  |      +ve      |        
  [1mrbf.lengthscale        [0;0m  |      4.729667696698535  |      +ve      |        
  [1mGaussian_noise.variance[0;0m  |  2.935768503234894e-09  |      +ve      |        ",168,3600
8b6ceafaf2ea6bd34f26ff463156363c,"
Name : GP regression
Objective : 24.13881782317045
Number of Parameters : 3
Number of Optimization Parameters : 3
Updates : True
Parameters:
  [1mGP_regression.         [0;0m  |                value  |  constraints  |  priors
  [1mrbf.variance           [0;0m  |   0.7811606941358326  |      +ve      |        
  [1mrbf.lengthscale        [0;0m  |    69.96399219290713  |      +ve      |        
  [1mGaussian_noise.variance[0;0m  |  0.13060583495678352  |      +ve      |        ",168,3600
8c393982479748c5a53acaa7a3717c71,"
Name : GP regression
Objective : 258.74901740712903
Number of Parameters : 3
Number of Optimization Parameters : 3
Updates : True
Parameters:
  [1mGP_regression.         [0;0m  |               value  |  constraints  |  priors
  [1mrbf.variance           [0;0m  |  0.5477919291012538  |      +ve      |        
  [1mrbf.lengthscale        [0;0m  |  2854.6291543662114  |      +ve      |        
  [1mGaussian_noise.variance[0;0m  |  1.4127728016078571  |      +ve      |        ",168,3600
8ff6192bbbb717c36097b33e244d91de,"
Name : GP regression
Objective : 93.53431264297754
Number of Parameters : 3
Number of Optimization Parameters : 3
Updates : True
Parameters:
  [1mGP_regression.         [0;0m  |                  value  |  constraints  |  priors
  [1mrbf.variance           [0;0m  |     0.6471359709998418  |      +ve      |        
  [1mrbf.lengthscale        [0;0m  |     0.4769557290309214  |      +ve      |        
  [1mGaussian_noise.variance[0;0m  |  9.650069102212816e-08  |      +ve      |        ",168,3600
9138a4af7fa7a5c5bf363d867ff6c56c,"
Name : GP regression
Objective : 24.32052411165724
Number of Parameters : 3
Number of Optimization Parameters : 3
Updates : True
Parameters:
  [1mGP_regression.         [0;0m  |                value  |  constraints  |  priors
  [1mrbf.variance           [0;0m  |  0.34227167512540146  |      +ve      |        
  [1mrbf.lengthscale        [0;0m  |    634.7066893221642  |      +ve      |        
  [1mGaussian_noise.variance[0;0m  |  0.47885998853991885  |      +ve      |        ",168,3600
968157017daec34ee86050fe9bd72293,"
Name : GP regression
Objective : 47.22440150231573
Number of Parameters : 3
Number of Optimization Parameters : 3
Updates : True
Parameters:
  [1mGP_regression.         [0;0m  |                   value  |  constraints  |  priors
  [1mrbf.variance           [0;0m  |      0.7499999886693792  |      +ve      |        
  [1mrbf.lengthscale        [0;0m  |   7.316870712783434e-09  |      +ve      |        
  [1mGaussian_noise.variance[0;0m  |  1.0174504466605674e-20  |      +ve      |        ",168,3600
a504bfd98bdc8e7a61edcfe8c4e2a801,"
Name : GP regression
Objective : 90.94934505657159
Number of Parameters : 3
Number of Optimization Parameters : 3
Updates : True
Parameters:
  [1mGP_regression.         [0;0m  |                 value  |  constraints  |  priors
  [1mrbf.variance           [0;0m  |     1.099804163696374  |      +ve      |        
  [1mrbf.lengthscale        [0;0m  |   0.18974539925001913  |      +ve      |        
  [1mGaussian_noise.variance[0;0m  |  4.42342597470224e-08  |      +ve      |        ",168,3600
a7a3af125074cb806a200f51ea7e10bf,"
Name : GP regression
Objective : -68.44479329614052
Number of Parameters : 3
Number of Optimization Parameters : 3
Updates : True
Parameters:
  [1mGP_regression.         [0;0m  |                  value  |  constraints  |  priors
  [1mrbf.variance           [0;0m  |     0.7424780088155638  |      +ve      |        
  [1mrbf.lengthscale        [0;0m  |     124.10549398753322  |      +ve      |        
  [1mGaussian_noise.variance[0;0m  |  4.283652978171962e-24  |      +ve      |        ",168,3600
a8b2c778af65ca2c46306554f338cacb,"
Name : GP regression
Objective : 64.96661650685608
Number of Parameters : 3
Number of Optimization Parameters : 3
Updates : True
Parameters:
  [1mGP_regression.         [0;0m  |                value  |  constraints  |  priors
  [1mrbf.variance           [0;0m  |  0.22147823599532251  |      +ve      |        
  [1mrbf.lengthscale        [0;0m  |   244.12856591584702  |      +ve      |        
  [1mGaussian_noise.variance[0;0m  |   0.7759788952746242  |      +ve      |        ",168,3600
aed86a3085a364f5484679649f064467,"
Name : GP regression
Objective : 45.573640813133125
Number of Parameters : 3
Number of Optimization Parameters : 3
Updates : True
Parameters:
  [1mGP_regression.         [0;0m  |               value  |  constraints  |  priors
  [1mrbf.variance           [0;0m  |  0.3911232428601372  |      +ve      |        
  [1mrbf.lengthscale        [0;0m  |  350.18847259145343  |      +ve      |        
  [1mGaussian_noise.variance[0;0m  |  0.6059660502513489  |      +ve      |        ",168,3600
b121d90e407cd597da17491f36e7b2c5,"
Name : GP regression
Objective : 34.662610595241645
Number of Parameters : 3
Number of Optimization Parameters : 3
Updates : True
Parameters:
  [1mGP_regression.         [0;0m  |                  value  |  constraints  |  priors
  [1mrbf.variance           [0;0m  |      1.263367791021291  |      +ve      |        
  [1mrbf.lengthscale        [0;0m  |      1.646658813891138  |      +ve      |        
  [1mGaussian_noise.variance[0;0m  |  4.073916825237468e-08  |      +ve      |        ",168,3600
b15cf300b5693210682e36cfe5f9789b,"
Name : GP regression
Objective : 56.80756631164414
Number of Parameters : 3
Number of Optimization Parameters : 3
Updates : True
Parameters:
  [1mGP_regression.         [0;0m  |               value  |  constraints  |  priors
  [1mrbf.variance           [0;0m  |  0.2916198240683794  |      +ve      |        
  [1mrbf.lengthscale        [0;0m  |   56.53893727679064  |      +ve      |        
  [1mGaussian_noise.variance[0;0m  |  0.7258989351251928  |      +ve      |        ",168,3600
b5efdb17945bc5ac2504e6c0c70f41b1,"
Name : GP regression
Objective : 75.91102084353466
Number of Parameters : 3
Number of Optimization Parameters : 3
Updates : True
Parameters:
  [1mGP_regression.         [0;0m  |                value  |  constraints  |  priors
  [1mrbf.variance           [0;0m  |  0.46727451475993964  |      +ve      |        
  [1mrbf.lengthscale        [0;0m  |    5.586298486509285  |      +ve      |        
  [1mGaussian_noise.variance[0;0m  |    0.687806135878132  |      +ve      |        ",168,3600
b6f1257ff213585723c66e253d2b92f7,"
Name : GP regression
Objective : 29.01021398616585
Number of Parameters : 3
Number of Optimization Parameters : 3
Updates : True
Parameters:
  [1mGP_regression.         [0;0m  |                value  |  constraints  |  priors
  [1mrbf.variance           [0;0m  |  0.44052871147539113  |      +ve      |        
  [1mrbf.lengthscale        [0;0m  |   0.7162327747534845  |      +ve      |        
  [1mGaussian_noise.variance[0;0m  |  0.15542284762046515  |      +ve      |        ",168,3600
c0289bdb4cd4eda90653b2c84af61e03,"
Name : GP regression
Objective : 203.33389468556825
Number of Parameters : 3
Number of Optimization Parameters : 3
Updates : True
Parameters:
  [1mGP_regression.         [0;0m  |                value  |  constraints  |  priors
  [1mrbf.variance           [0;0m  |  0.19959003172416465  |      +ve      |        
  [1mrbf.lengthscale        [0;0m  |   349.92977342872365  |      +ve      |        
  [1mGaussian_noise.variance[0;0m  |   0.8650083601239166  |      +ve      |        ",168,3600
c70b15854118907c8f0a234e2ba44bbc,"
Name : GP regression
Objective : 80.20108758580562
Number of Parameters : 3
Number of Optimization Parameters : 3
Updates : True
Parameters:
  [1mGP_regression.         [0;0m  |               value  |  constraints  |  priors
  [1mrbf.variance           [0;0m  |  0.3255071429537197  |      +ve      |        
  [1mrbf.lengthscale        [0;0m  |   2784.320745681399  |      +ve      |        
  [1mGaussian_noise.variance[0;0m  |  0.9213796222031635  |      +ve      |        ",168,3600
cd86d1e6d68c3770eaec0db419dceb2f,"
Name : GP regression
Objective : 130.30395694821078
Number of Parameters : 3
Number of Optimization Parameters : 3
Updates : True
Parameters:
  [1mGP_regression.         [0;0m  |               value  |  constraints  |  priors
  [1mrbf.variance           [0;0m  |  0.5938528964886793  |      +ve      |        
  [1mrbf.lengthscale        [0;0m  |  0.8087894414290386  |      +ve      |        
  [1mGaussian_noise.variance[0;0m  |  0.4585559824525707  |      +ve      |        ",168,3600
cea00424ced413c108d878b1a14f3316,"
Name : GP regression
Objective : 38.024756034708915
Number of Parameters : 3
Number of Optimization Parameters : 3
Updates : True
Parameters:
  [1mGP_regression.         [0;0m  |                value  |  constraints  |  priors
  [1mrbf.variance           [0;0m  |  0.12706438189432165  |      +ve      |        
  [1mrbf.lengthscale        [0;0m  |    557.9935187539064  |      +ve      |        
  [1mGaussian_noise.variance[0;0m  |   0.5725172389935926  |      +ve      |        ",168,3600
cfb021cfbff46ffdb75c7dcafe7c2087,"
Name : GP regression
Objective : 81.5236859636242
Number of Parameters : 3
Number of Optimization Parameters : 3
Updates : True
Parameters:
  [1mGP_regression.         [0;0m  |                value  |  constraints  |  priors
  [1mrbf.variance           [0;0m  |  0.03299366235521925  |      +ve      |        
  [1mrbf.lengthscale        [0;0m  |     131.259740817172  |      +ve      |        
  [1mGaussian_noise.variance[0;0m  |   0.8202550167263782  |      +ve      |        ",168,3600
d5380466e18422d7b2c2d54d57cbbde2,"
Name : GP regression
Objective : 49.2970970423628
Number of Parameters : 3
Number of Optimization Parameters : 3
Updates : True
Parameters:
  [1mGP_regression.         [0;0m  |                value  |  constraints  |  priors
  [1mrbf.variance           [0;0m  |  0.25806301038508483  |      +ve      |        
  [1mrbf.lengthscale        [0;0m  |    244887.9513388275  |      +ve      |        
  [1mGaussian_noise.variance[0;0m  |   1.3225815888415013  |      +ve      |        ",168,3600
db7f1b0130b2138e13b7bbca9cc63823,"
Name : GP regression
Objective : 57.01026077791451
Number of Parameters : 3
Number of Optimization Parameters : 3
Updates : True
Parameters:
  [1mGP_regression.         [0;0m  |                value  |  constraints  |  priors
  [1mrbf.variance           [0;0m  |  0.15582126039485228  |      +ve      |        
  [1mrbf.lengthscale        [0;0m  |    70.18542610624732  |      +ve      |        
  [1mGaussian_noise.variance[0;0m  |   0.5868455779100905  |      +ve      |        ",168,3600
dcbe08425f5edef5e5c1053f21e83640,"
Name : GP regression
Objective : 30.813184717158506
Number of Parameters : 3
Number of Optimization Parameters : 3
Updates : True
Parameters:
  [1mGP_regression.         [0;0m  |               value  |  constraints  |  priors
  [1mrbf.variance           [0;0m  |  0.0911510826543433  |      +ve      |        
  [1mrbf.lengthscale        [0;0m  |   87798.36118485466  |      +ve      |        
  [1mGaussian_noise.variance[0;0m  |  0.5384691918119006  |      +ve      |        ",168,3600
e076953cd3fcf8927b8f21574c0890f3,"
Name : GP regression
Objective : 52.88169255804014
Number of Parameters : 3
Number of Optimization Parameters : 3
Updates : True
Parameters:
  [1mGP_regression.         [0;0m  |                value  |  constraints  |  priors
  [1mrbf.variance           [0;0m  |  0.18464054565377316  |      +ve      |        
  [1mrbf.lengthscale        [0;0m  |   168.00388151720546  |      +ve      |        
  [1mGaussian_noise.variance[0;0m  |   0.7644092971271969  |      +ve      |        ",168,3600
e9970fe8848e9505b52d414d81611de8,"
Name : GP regression
Objective : 18.82968692444515
Number of Parameters : 3
Number of Optimization Parameters : 3
Updates : True
Parameters:
  [1mGP_regression.         [0;0m  |                   value  |  constraints  |  priors
  [1mrbf.variance           [0;0m  |      1.1083001216237118  |      +ve      |        
  [1mrbf.lengthscale        [0;0m  |       9.609765983284687  |      +ve      |        
  [1mGaussian_noise.variance[0;0m  |  1.2904734599532446e-25  |      +ve      |        ",168,3600
eaeabcfe25866f0455d349bae2450d88,"
Name : GP regression
Objective : 61.86392403931177
Number of Parameters : 3
Number of Optimization Parameters : 3
Updates : True
Parameters:
  [1mGP_regression.         [0;0m  |                value  |  constraints  |  priors
  [1mrbf.variance           [0;0m  |  0.22006439484605533  |      +ve      |        
  [1mrbf.lengthscale        [0;0m  |   142.41519481435046  |      +ve      |        
  [1mGaussian_noise.variance[0;0m  |   0.7839959563446224  |      +ve      |        ",168,3600
ec3dc451b8a811f05ace158a0d76e32e,"
Name : GP regression
Objective : 4.7623317679603385
Number of Parameters : 3
Number of Optimization Parameters : 3
Updates : True
Parameters:
  [1mGP_regression.         [0;0m  |                  value  |  constraints  |  priors
  [1mrbf.variance           [0;0m  |     0.5863903868992856  |      +ve      |        
  [1mrbf.lengthscale        [0;0m  |      6.210969314413179  |      +ve      |        
  [1mGaussian_noise.variance[0;0m  |  6.269831643509777e-19  |      +ve      |        ",168,3600
f358b75c71d85c91ec0452c6114e3b15,"
Name : GP regression
Objective : 44.46169524767138
Number of Parameters : 3
Number of Optimization Parameters : 3
Updates : True
Parameters:
  [1mGP_regression.         [0;0m  |                   value  |  constraints  |  priors
  [1mrbf.variance           [0;0m  |      1.5405424546432054  |      +ve      |        
  [1mrbf.lengthscale        [0;0m  |  1.1698355960780062e-18  |      +ve      |        
  [1mGaussian_noise.variance[0;0m  |   9.101160348395757e-18  |      +ve      |        ",168,3600
f49956142aab2ad74decfd49a103c2f1,"
Name : GP regression
Objective : 58.24315218869887
Number of Parameters : 3
Number of Optimization Parameters : 3
Updates : True
Parameters:
  [1mGP_regression.         [0;0m  |                value  |  constraints  |  priors
  [1mrbf.variance           [0;0m  |   0.5098429106926861  |      +ve      |        
  [1mrbf.lengthscale        [0;0m  |      2.5991072637788  |      +ve      |        
  [1mGaussian_noise.variance[0;0m  |  0.21537374800175413  |      +ve      |        ",168,3600
f8708568eff1535c85247b28dc126f9b,"
Name : GP regression
Objective : 222.97946373041466
Number of Parameters : 3
Number of Optimization Parameters : 3
Updates : True
Parameters:
  [1mGP_regression.         [0;0m  |                value  |  constraints  |  priors
  [1mrbf.variance           [0;0m  |  0.17588765871592832  |      +ve      |        
  [1mrbf.lengthscale        [0;0m  |    38.49340599800749  |      +ve      |        
  [1mGaussian_noise.variance[0;0m  |   0.8270372125414325  |      +ve      |        ",168,3600
fbd681e79ebca2cd9509218403f23ec6,"
Name : GP regression
Objective : 49.28553246948736
Number of Parameters : 3
Number of Optimization Parameters : 3
Updates : True
Parameters:
  [1mGP_regression.         [0;0m  |                value  |  constraints  |  priors
  [1mrbf.variance           [0;0m  |  0.20612360222748283  |      +ve      |        
  [1mrbf.lengthscale        [0;0m  |    347.4774453086982  |      +ve      |        
  [1mGaussian_noise.variance[0;0m  |   0.6922179620215437  |      +ve      |        ",168,3600
